Model,Test R2,Test RMSE,CV Mean R2,CV Mean RMSE
Untuned Random Forest,-0.0403995183005863,2.938368424823545,-0.06316870838372668,2.9057479766922776
Tuned Random Forest,-0.016756314519029925,2.904789167975506,-0.0248448730297564,2.852813394128772
