feature,importance
daily_screen_time_hours,0.3292628857183382
mental_health_score,0.31852321018164603
stress_level,0.18055005382081998
mood_rating,0.17166385027919565
