feature,importance
daily_screen_time_hours,0.2571223198264171
physical_activity_hours_per_week,0.2459550452828161
sleep_duration_hours,0.22880592895435328
mood_rating,0.13820870327374568
stress_level,0.12990800266266794
